{"5460": {"cash": 2.205882, "stock": 0.0}, "6654": {"cash": 5.5, "stock": 0.5000000000000004}, "00773B": {"cash": 0.9590000000000001, "stock": 0.0}}