{"5274": {"cash": 13.636364, "stock": 0.0}, "6274": {"cash": 3.18853, "stock": 0.0}}