{"8059": {"start": 4.199999809265137, "end": 4.199999809265137}}