{"6123": {"cash": 4.5312920000000005, "stock": 0.0}, "00853B": {"cash": 0.9600000000000001, "stock": 0.0}, "3086": {"cash": 1.633587, "stock": 1.4999999999999991}, "00751B": {"cash": 1.69, "stock": 0.0}}